{"cameraMode":{"drawMode":0,"name":"Shaded","section":"Shading Mode"},"sceneLighting":true,"audioPlay":false,"sceneViewState":{"showFog":true,"showMaterialUpdate":true,"showSkybox":true,"showFlares":true,"showImageEffects":true,"showParticleSystems":true},"in2DMode":false,"pivot":{"x":-0.07999998331069946,"y":12.470000267028809,"z":-0.9520000219345093},"rotation":{"x":-0.0057588862255215649,"y":-0.9340024590492249,"z":0.35732677578926089,"w":-0.012936236336827279},"size":96.36183166503906,"orthographic":false}